Country ,Cumulative number of case(s)  ,Number of deaths ,Local chain(s) of transmission 2  
Australia , 1, 0, None
Brazil , 1, 0, None
Canada , 90, 9, Yes
China , 1268, 53, Yes
"China, Hong Kong Special Administrative Region", 883, 23*, Yes
"China, Taiwan", 21, 0, Yes
France , 3, 0, None
Germany , 5, 0, None
Italy , 3, 0, None
Malaysia , 1, 1, None
Republic of Ireland , 1, 0, None
Romania , 1, 0, None
Singapore , 106, 6, Yes
Spain , 1, 0, None
Switzerland , 1, 0, None
Thailand , 7, 2, None
United Kingdom , 5, 0, None
United States , 141§, 0, None
Viet Nam , 62, 4, Yes
Total ,2601 ,98 , 
