Country,Cumulative number of case(s)^2,Number of new cases since last WHO update^2,Number of deaths ,Number recovered^3,Date last probable case reported,Date for which cumulative number of cases is current
Australia,4,0,0,4,23/Apr/2003,6/May/2003
Brazil,2,0,0,2,10/Apr/2003,24/Apr/2003
Bulgaria,1,0,0,0,24/Apr/2003,28/Apr/2003
Canada ,146,0,22,93,4/May/2003,6/May/2003
China,4560,159,219,1487,7/May/2003,7/May/2003
"China, Hong Kong Special Administrative Region^4",1654,8,204,984,7/May/2003,7/May/2003
"China, Macao Special Administrative Region",1,0,0,0,30/Apr/2003,5/May/2003
"China, Taiwan ",125,9,11,26,7/May/2003,7/May/2003
Colombia,1,0,0,1,5/May/2003,5/May/2003
France,6,1,0,4,6/May/2003,6/May/2003
Germany ,8,1,0,7,7/May/2003,7/May/2003
India,1,0,0,0,5/May/2003,5/May/2003
Indonesia,2,0,0,1,23/Apr/2003,6/May/2003
Italy,9,0,0,5,29/Apr/2003,7/May/2003
Kuwait,1,0,0,1,9/Apr/2003,20/Apr/2003
Malaysia,7,0,2,4,4/May/2003,7/May/2003
Mongolia,9,1,0,6,6/May/2003,6/May/2003
New Zealand,1,0,0,1,30/Apr/2003,7/May/2003
Philippines,10,7,2,2,7/May/2003,7/May/2003
Poland,1,0,0,0,1/May/2003,1/May/2003
Republic of Ireland,1,0,0,1,21/Mar/2003,6/May/2003
Republic of Korea,1,0,0,0,29/Apr/2003,7/May/2003
Romania,1,0,0,1,27/Mar/2003,22/Apr/2003
Singapore ,204,0,27,150,5/May/2003,7/May/2003
South Africa,1,0,1,0,9/Apr/2003,3/May/2003
Spain,1,0,0,1,2/Apr/2003,24/Apr/2003
Sweden,3,0,0,2,18/Apr/2003,23/Apr/2003
Switzerland ,1,0,0,1,17/Mar/2003,5/May/2003
Thailand ,7,0,2,5,12/Apr/2003,6/May/2003
United Kingdom ,6,0,0,6,11/Apr/2003,7/May/2003
United States,65,0,0,32,4/May/2003,5/May/2003
Viet Nam,63,0,5,58,14/Apr/2003,4/May/2003
Total ,6903,186,495,2885,,
