Country ,Cumulative number of case(s)  ,Number of deaths ,Local chain(s) of transmission 2  
Brazil , 1, 0, None
Canada ,  94, 10, Yes
China , 1280, 53, Yes
"China, Hong Kong Special Administrative Region",  970, 27*, Yes
"China, Taiwan",  19, 0, Yes
France ,  4, 0, None
Germany , 5, 0, None
Italy , 3, 0, None
Malaysia , 1, 1, None
Republic of Ireland , 1, 0, None
Romania , 1, 0, None
Singapore ,  118, 9, Yes
Spain , 1, 0, None
Switzerland , 1, 0, None
Thailand , 7, 2, None
United Kingdom , 5, 0, None
United States , 149, 0, None
Viet Nam , 62, 4, Yes
Total ,2722 ,  106 , 
