Country ,Cumulative number of case(s) § ,Number of deaths ,Local transmission 
Canada , 9, 2, Yes
China +,  ,  ,  
Germany , 1, 0, None*
Hong Kong Special Administrative Region of China , 203, 6**, Yes
Italy , 1, 0, None*
Republic of Ireland , 1, 0, None*
Singapore , 39, 0, Yes
Slovenia , 1, 0, None*
Spain , 1, 0, None*
Switzerland , 7, 0, To be determined
"Taiwan, China ", 6, 0, Yes
Thailand , 4, 0, To be determined
United Kingdom , 2, 0, None*
United States , 13, 0, To be determined
Viet Nam , 62, 2, Yes
Total ,350 ,10 , 
