Country ,Cumulative number of case(s) ,Number of deaths ,Local transmission* 
Canada , 28, 3, Yes
China +  ,806,34, Yes
"China, Hong Kong Special Administrative Region  ", 367, 10**, Yes
"China, Taiwan ", 6, 0, Yes
France , 1, 0, None
Germany , 4, 0, None
Italy , 2, 0, None
Republic of Ireland , 2, 0, None
Romania , 3, 0, None
Singapore , 78, 2, Yes
Switzerland , 2, 0, To be determined
Thailand , 3, 0, None
United Kingdom , 3, 0, None
United States , 45 §, 0, To be determined
Viet Nam , 58, 4, Yes
Total ,"
  1408",53, 
