Country ,Cumulative number of case(s) § ,Number of deaths ,Local transmission 
Canada , 9, 2, Yes
China + ,  ,  , 
Germany , 2, 0, None*
Hong Kong Special Administrative Region of China , 222, 7**, Yes
Italy , 2, 0, None*
Republic of Ireland , 1, 0, None*
Singapore , 44, 0, Yes
Slovenia , 1, 0, None*
Spain , 1, 0, None*
Switzerland , 7, 0, To be determined
"Taiwan, China ", 6, 0, Yes
Thailand , 4, 0, None*
United Kingdom , 2, 0, None*
United States , 22, 0, To be determined
Viet Nam , 63, 2, Yes
Total ,386 ,11 , 
