Country ,Cumulative number of case(s) ,Number of deaths ,Local chain(s) of transmission2 
Australia , 1, 0, None
Belgium , 1, 0, None
Brazil ,1,0, None
Canada , 62, 6, Yes
China , 1190, 46, Yes
"China, Hong Kong Special Administrative Region", 734, 17*, Yes
"China, Taiwan", 14, 0, Yes
France , 3, 0, None
Germany , 5, 0, None
Italy , 3, 0, None
Republic of Ireland , 1, 0, None
Romania , 1, 0, None
Singapore , 98, 4, Yes
Switzerland , 2, 0, None
Thailand , 7, 2, None
United Kingdom , 3, 0, None
United States , 85§, 0, Being determined
Viet Nam , 59, 4, Yes
Total ,2270 ,79 , 
